sample_id,estimated_amount_ratio,holding_ratio_after_trade,current_position_ratio,risk_preference_code,volatility_20d,abs_return_5d,turnover_rate,trade_volume_to_avg_volume,concentration_risk,volatility_risk,liquidity_risk
S000001,0.02924054,0.13273109,0.10349056,0,0.262316,0.193264,0.027732,0.0301167,0,1,0
S000002,0.24130637,0.38517026,0.14386389,1,0.148245,0.093438,0.119001,0.2534838,1,0,1
S000003,0.25741538,0.28639283,0.02897745,1,0.558964,0.088368,0.029357,0.01557731,0,1,0
S000004,0.43467322,0.45609558,0.02142235,1,0.148512,0.097181,0.018068,0.05526718,1,0,0
S000005,0.26179606,0.31943879,0.05764272,1,0.250133,0.114595,0.066692,0.03886172,1,0,0
S000006,0.4960673,0.5442031,0.0481358,2,0.203699,0.136795,0.003925,0.06535035,1,0,0
S000007,0.01006999,0.14435265,0.13428266,1,0.25521,0.127477,0.005768,0.29786858,0,0,1
S000008,0.43896428,0.50312292,0.06415864,1,0.590821,0.168489,0.026118,0.08896133,1,1,0
S000009,0.39432484,0.5608748,0.16654996,2,0.214369,0.059315,0.028382,0.00991113,1,0,0
S000010,0.26387268,0.29798489,0.03411222,0,0.382026,0.020563,0.091562,0.09499472,1,1,0
S000011,0.26578684,0.40151681,0.13572996,1,0.34366,0.110235,0.053442,0.26023804,1,0,1
S000012,0.46962711,0.5479317,0.07830459,1,0.432572,0.160006,0.030505,0.05536315,1,1,0
S000013,0.01319816,0.07906733,0.06586917,1,0.14423,0.118753,0.091248,0.07037504,0,0,0
S000014,0.37847893,0.39549411,0.01701519,1,0.127394,0.053471,0.031224,0.25716697,1,0,1
S000015,0.19627261,0.25010333,0.05383072,2,0.172694,0.08601,0.097169,0.05084552,0,0,0
S000016,0.10063184,0.15556413,0.05493229,1,0.207034,0.10271,0.043988,0.03046327,0,0,0
S000017,0.12661508,0.25357933,0.12696424,1,0.31826,0.060463,0.078915,0.12487558,0,0,1
S000018,0.10954401,0.15701492,0.04747091,1,0.583485,0.106235,0.102068,0.18296666,0,1,1
S000019,0.05120164,0.12669106,0.07548943,0,0.218265,0.05207,0.114197,0.06912621,0,0,0
S000020,0.10875819,0.21822118,0.10946299,0,0.289701,0.079753,0.004886,0.02572995,1,0,0
S000021,0.12723917,0.14377312,0.01653395,0,0.62284,0.041956,0.040077,0.15202013,0,1,1
S000022,0.4826201,0.51338892,0.03076882,1,0.106819,0.119924,0.066217,0.07342191,1,0,0
S000023,0.22324063,0.28679377,0.06355314,1,0.277735,0.140353,0.054146,0.08475533,0,0,0
S000024,0.51082866,0.53669741,0.02586876,1,0.30925,0.189973,0.002667,0.08425576,1,1,0
S000025,0.08752994,0.11233978,0.02480985,1,0.264512,0.023552,0.064522,0.0893914,0,0,0
S000026,0.06853318,0.13014315,0.06160997,2,0.327752,0.029092,0.086064,0.05442176,0,0,0
S000027,0.49369807,0.54822706,0.05452899,1,0.287917,0.000464,0.035986,0.07373093,1,0,0
S000028,0.08178088,0.17272663,0.09094575,1,0.323383,0.063307,0.053914,0.08326132,0,0,0
S000029,0.34382276,0.47286337,0.12904061,1,0.279254,0.11269,0.032928,0.03221486,1,0,0
S000030,0.15376791,0.23293392,0.07916602,0,0.390865,0.115588,0.038507,0.02083973,1,1,0
S000031,0.09338106,0.21430742,0.12092636,1,0.579041,0.08409,0.026845,0.08093232,0,1,0
S000032,0.04495707,0.10119274,0.05623568,2,0.423484,0.1407,0.056413,0.08445093,0,1,0
S000033,0.23699483,0.26203699,0.02504216,1,0.225503,0.019103,0.042524,0.07873826,0,0,0
S000034,0.35304396,0.45809837,0.1050544,1,0.167346,0.107789,0.058525,0.20165863,1,0,1
S000035,0.06280268,0.17056032,0.10775765,1,0.267987,0.080837,0.023787,0.03107364,0,0,0
S000036,0.23916304,0.34243841,0.10327536,1,0.2839,0.225833,0.078818,0.21423183,1,1,1
S000037,0.05650957,0.20293929,0.14642972,1,0.16013,0.005971,0.04917,0.03412472,0,0,0
S000038,0.33075409,0.38611836,0.05536427,0,0.28181,0.02213,0.101331,0.12300825,1,0,1
S000039,0.14383932,0.15482646,0.01098714,0,0.243047,0.112762,0.036641,0.03034204,0,0,0
S000040,0.15614852,0.20345349,0.04730497,1,0.265477,0.095818,0.105639,0.07109496,0,0,0
S000041,0.0901642,0.15520525,0.06504105,0,0.160541,0.138591,0.034358,0.06963852,0,0,0
S000042,0.05184717,0.10265787,0.05081069,1,0.133902,0.263524,0.03991,0.21000557,0,1,1
S000043,0.17403945,0.22676548,0.05272603,2,0.55468,0.006902,0.109636,0.01186147,0,1,0
S000044,0.34417452,0.36103339,0.01685887,1,0.245416,0.140167,0.045484,0.24261897,1,0,1
S000045,0.1015795,0.17165964,0.07008015,0,0.344049,0.104993,0.075845,0.03330608,0,0,0
S000046,0.11587739,0.23210422,0.11622682,1,0.164295,0.24772,0.06257,0.0220637,0,1,0
S000047,0.23389479,0.24910013,0.01520534,1,0.340183,0.011766,0.033113,0.07259817,0,0,0
S000048,0.38128745,0.38412914,0.0028417,0,0.172853,0.011236,0.046915,0.08862507,1,0,0
S000049,0.02247641,0.14298503,0.12050863,1,0.342579,0.055607,0.081225,0.26551771,0,0,1
S000050,0.28133014,0.29050194,0.0091718,0,0.264025,0.0963,0.086823,0.0365897,1,0,0
S000051,0.02150821,0.0968418,0.07533359,0,0.334347,0.101736,0.06684,0.06736764,0,0,0
S000052,0.07100097,0.13283145,0.06183047,0,0.142853,0.141495,0.03919,0.01027359,0,0,0
S000053,0.01843501,0.12380893,0.10537392,1,0.315508,0.117242,0.02193,0.14614284,0,0,1
S000054,0.20605652,0.35117524,0.14511873,1,0.24157,0.077242,0.100937,0.02913696,1,0,0
S000055,0.36230512,0.36546796,0.00316285,2,0.235945,0.094977,0.053706,0.07349088,0,0,0
S000056,0.04498579,0.10082863,0.05584284,1,0.513452,0.138554,0.010409,0.02302143,0,1,0
S000057,0.30015692,0.33651984,0.03636292,0,0.375689,0.068272,0.074088,0.05977083,1,1,0
S000058,0.34220267,0.39629692,0.05409425,1,0.278301,0.116642,0.117602,0.02283804,1,0,0
S000059,0.16484869,0.26170593,0.09685724,1,0.21565,0.141509,0.00327,0.26611097,0,0,1
S000060,0.16909327,0.20156192,0.03246865,0,0.158361,0.049263,0.057213,0.0901805,1,0,0
S000061,0.10921655,0.11569226,0.0064757,1,0.50265,0.0209,0.027615,0.08620004,0,1,0
S000062,0.32101006,0.4416706,0.12066054,1,0.54699,0.186654,0.045522,0.05880093,1,1,0
S000063,0.04308159,0.16949277,0.12641118,2,0.114424,0.016224,0.093891,0.01726475,0,0,0
S000064,0.15992199,0.25209422,0.09217223,0,0.166983,0.204647,0.035263,0.06727555,1,1,0
S000065,0.44373337,0.49151111,0.04777774,1,0.282576,0.030942,0.107181,0.17880244,1,0,1
S000066,0.10766678,0.19311852,0.08545174,2,0.37679,0.112236,0.017882,0.23505539,0,1,1
S000067,0.3724039,0.45444779,0.08204389,1,0.139133,0.03436,0.118015,0.03666894,1,0,0
S000068,0.48783007,0.53204235,0.04421227,2,0.229903,0.014066,0.044785,0.06325366,1,0,0
S000069,0.29201309,0.34401837,0.05200529,2,0.117379,0.128124,0.009691,0.18616493,0,0,1
S000070,0.51181821,0.51346543,0.00164722,2,0.277177,0.124969,0.078199,0.09039996,1,0,0
S000071,0.15773548,0.27181224,0.11407676,1,0.304844,0.075645,0.079707,0.17988106,0,0,1
S000072,0.24573105,0.29673909,0.05100804,2,0.123242,0.24251,0.107443,0.06967948,0,1,0
S000073,0.31259247,0.38487148,0.07227901,0,0.277687,0.132431,0.101222,0.03987964,1,0,0
S000074,0.25104478,0.26179226,0.01074748,0,0.214365,0.046664,0.011687,0.05558477,1,0,0
S000075,0.05859351,0.16694344,0.10834993,1,0.331804,0.152719,0.029637,0.01797536,0,1,0
S000076,0.24740102,0.28716463,0.03976361,1,0.276856,0.081143,0.05612,0.046619,0,0,0
S000077,0.22803403,0.35764549,0.12961146,1,0.457364,0.009213,0.095954,0.05847421,1,1,0
S000078,0.30706152,0.40679704,0.09973552,0,0.128234,0.027272,0.044275,0.05815571,1,0,0
S000079,0.12124581,0.21431223,0.09306642,0,0.413267,0.030286,0.068452,0.1645442,1,1,1
S000080,0.31081141,0.44145582,0.13064442,2,0.173846,0.113369,0.069865,0.26032482,1,0,1
S000081,0.47401118,0.52255075,0.04853957,1,0.167706,0.047913,0.014015,0.02960049,1,0,0
S000082,0.51841687,0.53494907,0.0165322,1,0.263837,0.01277,0.074956,0.08546973,1,0,0
S000083,0.2215892,0.22324485,0.00165566,2,0.157813,0.012909,0.01463,0.08225967,0,0,0
S000084,0.17118774,0.28521966,0.11403192,2,0.252085,0.031114,0.100474,0.0413041,0,0,0
S000085,0.07840002,0.20235778,0.12395776,1,0.124967,0.107795,0.077805,0.01997408,0,0,0
S000086,0.04623767,0.20615674,0.15991907,1,0.204252,0.059113,0.052286,0.02595014,0,0,0
S000087,0.40346594,0.41273928,0.00927333,0,0.242364,0.096465,0.096139,0.20708199,1,0,1
S000088,0.19533283,0.22001906,0.02468624,0,0.315702,0.026246,0.098151,0.27326598,1,0,1
S000089,0.12327505,0.26800679,0.14473174,1,0.167111,0.204539,0.071401,0.00594047,0,1,0
S000090,0.04333169,0.12124118,0.07790949,0,0.20462,0.192169,0.104275,0.07100602,0,1,0
S000091,0.07722036,0.10140297,0.02418261,0,0.222925,0.082095,0.069513,0.26369607,0,0,1
S000092,0.2128009,0.3763913,0.16359039,1,0.294499,0.140681,0.086905,0.04570141,1,0,0
S000093,0.4123327,0.42400207,0.01166937,2,0.36684,0.058916,0.038918,0.01887936,1,1,0
S000094,0.22997634,0.25897991,0.02900357,2,0.320204,0.079047,0.07302,0.05857174,0,0,0
S000095,0.3729028,0.51477271,0.1418699,1,0.62219,0.013731,0.075721,0.02561576,1,1,0
S000096,0.0551178,0.10652999,0.05141218,0,0.637115,0.174151,0.102796,0.08547598,0,1,0
S000097,0.23124186,0.3036976,0.07245574,2,0.541499,0.111041,0.070263,0.02244056,0,1,0
S000098,0.20938743,0.25172,0.04233258,1,0.111964,0.008815,0.10566,0.01739384,0,0,0
S000099,0.05902287,0.1173291,0.05830624,0,0.121463,0.045137,0.102134,0.16685269,0,0,1
S000100,0.18074886,0.24883349,0.06808463,0,0.261826,0.038684,0.119388,0.0738177,1,0,0
S000101,0.46297126,0.47735955,0.01438829,1,0.324309,0.125302,0.093208,0.2662622,1,0,1
S000102,0.01485609,0.16937904,0.15452296,1,0.322631,0.059954,0.053594,0.16677425,0,0,1
S000103,0.05315075,0.13890973,0.08575898,0,0.164546,0.09088,0.097558,0.05845967,0,0,0
S000104,0.42228582,0.47113285,0.04884703,1,0.263986,0.15491,0.049465,0.08104044,1,1,0
S000105,0.15437638,0.21950216,0.06512578,2,0.261563,0.117879,0.045546,0.05756451,0,0,0
S000106,0.18257613,0.19066508,0.00808895,0,0.255137,0.008325,0.084347,0.06100843,0,0,0
S000107,0.05351596,0.16234711,0.10883114,0,0.242268,0.204941,0.054274,0.04664448,0,1,0
S000108,0.25714376,0.41425247,0.15710871,1,0.309199,0.019182,0.029314,0.09425185,1,0,0
S000109,0.18205234,0.19274471,0.01069237,0,0.297933,0.058205,0.04225,0.01926806,0,0,0
S000110,0.37078461,0.54073659,0.16995198,2,0.447706,0.117317,0.067155,0.03068955,1,1,0
S000111,0.30375509,0.41512079,0.1113657,1,0.640598,0.178635,0.07244,0.01068319,1,1,0
S000112,0.16279795,0.29220667,0.12940872,1,0.190737,0.021732,0.014215,0.00625927,0,0,0
S000113,0.33094271,0.34682086,0.01587815,1,0.333905,0.20468,0.029474,0.12069427,1,1,1
S000114,0.17106771,0.1781078,0.0070401,0,0.158896,0.262131,0.020041,0.09284279,0,1,0
S000115,0.25183841,0.29292392,0.04108551,2,0.635659,0.189657,0.014535,0.03320523,0,1,0
S000116,0.13559178,0.21318426,0.07759247,0,0.336709,0.081349,0.08623,0.07783523,1,0,0
S000117,0.43898527,0.53723165,0.09824638,2,0.158953,0.109261,0.076928,0.1007135,1,0,1
S000118,0.39429364,0.47555756,0.08126392,2,0.507993,0.214677,0.035987,0.08208441,1,1,0
S000119,0.07149122,0.13376377,0.06227255,1,0.51866,0.169915,0.068695,0.2770757,0,1,1
S000120,0.47034155,0.52255813,0.05221658,1,0.287347,0.199941,0.112323,0.09487389,1,1,0
S000121,0.1714168,0.26840418,0.09698738,0,0.534963,0.091826,0.10996,0.03259815,1,1,0
S000122,0.19608401,0.34281551,0.1467315,1,0.175507,0.06882,0.107902,0.02363652,1,0,0
S000123,0.16184185,0.20662353,0.04478168,1,0.338515,0.106001,0.037845,0.06449284,0,0,0
S000124,0.1479891,0.25296149,0.10497239,1,0.218402,0.001006,0.11074,0.02406171,0,0,0
S000125,0.11332431,0.12674508,0.01342077,0,0.293933,0.210578,0.101091,0.08251186,0,1,0
S000126,0.36935377,0.45251867,0.0831649,1,0.163369,0.020194,0.051954,0.03489293,1,0,0
S000127,0.09226993,0.1065035,0.01423357,1,0.300727,0.151396,0.105426,0.21265098,0,1,1
S000128,0.25035495,0.40834423,0.15798928,1,0.422859,0.21195,0.075136,0.03541899,1,1,0
S000129,0.0567259,0.05812758,0.00140169,2,0.645467,0.019131,0.101841,0.01476941,0,1,0
S000130,0.14999048,0.322018,0.17202752,2,0.31262,0.242914,0.045879,0.02994541,0,1,0
S000131,0.3535114,0.35503777,0.00152637,0,0.157799,0.01608,0.017162,0.00555389,1,0,0
S000132,0.52613005,0.53391165,0.0077816,1,0.28016,0.118333,0.05534,0.06861752,1,0,0
S000133,0.2299076,0.27581227,0.04590466,2,0.294025,0.188156,0.030091,0.22801528,0,1,1
S000134,0.30010003,0.47773281,0.17763277,2,0.109138,0.071498,0.045331,0.21831227,1,0,1
S000135,0.52650791,0.57902772,0.05251981,2,0.112647,0.085915,0.099682,0.0921339,1,0,0
S000136,0.39967497,0.48629595,0.08662098,1,0.104396,0.079832,0.017706,0.20447792,1,0,1
S000137,0.34518936,0.41731282,0.07212346,1,0.229617,0.045975,0.034251,0.06891543,1,0,0
S000138,0.03780479,0.17782302,0.14001823,1,0.284356,0.092728,0.101964,0.06938671,0,0,0
S000139,0.14861686,0.15044011,0.00182326,1,0.296349,0.017612,0.017912,0.04134026,0,0,0
S000140,0.11309643,0.11675046,0.00365403,1,0.384434,0.002459,0.094939,0.29605977,0,1,1
S000141,0.03914883,0.07554281,0.03639397,0,0.171516,0.003503,0.033981,0.19383913,0,0,1
S000142,0.12803692,0.14193535,0.01389843,0,0.222302,0.034496,0.110087,0.02691318,0,0,0
S000143,0.03288577,0.19912344,0.16623767,2,0.604724,0.047235,0.030513,0.18409182,0,1,1
S000144,0.23993417,0.24400421,0.00407004,1,0.324562,0.130115,0.107186,0.06317896,0,0,0
S000145,0.37781294,0.53982014,0.1620072,1,0.630659,0.218349,0.066676,0.10043619,1,1,1
S000146,0.28106798,0.36060221,0.07953423,2,0.304041,0.229286,0.087016,0.06591418,0,1,0
S000147,0.30720165,0.45738103,0.15017938,1,0.111146,0.122862,0.087093,0.0098519,1,0,0
S000148,0.10364336,0.13321582,0.02957246,1,0.113539,0.083253,0.078958,0.19145696,0,0,1
S000149,0.19094502,0.27436753,0.0834225,1,0.284781,0.022592,0.108106,0.0137539,0,0,0
S000150,0.06187064,0.1676,0.10572936,0,0.135885,0.025567,0.119522,0.03637144,0,0,0
S000151,0.21132341,0.24437753,0.03305411,0,0.122042,0.084518,0.119916,0.06400183,1,0,0
S000152,0.28319375,0.4143988,0.13120505,1,0.188461,0.223429,0.003002,0.03622558,1,1,0
S000153,0.04344157,0.10635502,0.06291345,0,0.250172,0.185737,0.040969,0.02619081,0,1,0
S000154,0.06357128,0.16079931,0.09722803,0,0.185725,0.084331,0.02699,0.17212278,0,0,1
S000155,0.13866624,0.30545381,0.16678757,2,0.131241,0.055344,0.039798,0.07534102,0,0,0
S000156,0.032863,0.12021448,0.08735149,0,0.160181,0.12994,0.096198,0.08236858,0,0,0
S000157,0.04077103,0.14928364,0.10851261,1,0.21727,0.0961,0.088948,0.08230274,0,0,0
S000158,0.28227416,0.34502156,0.0627474,1,0.135433,0.073251,0.041247,0.0236415,1,0,0
S000159,0.01016238,0.11346308,0.1033007,0,0.337454,0.268329,0.071602,0.02180714,0,1,0
S000160,0.24252822,0.31867024,0.07614202,2,0.230314,0.069649,0.074198,0.07093676,0,0,0
S000161,0.02411943,0.10294935,0.07882993,0,0.228254,0.138022,0.008386,0.0895752,0,0,0
S000162,0.13318092,0.20698,0.07379907,0,0.361841,0.200145,0.020754,0.06679984,1,1,0
S000163,0.28983014,0.41426864,0.1244385,1,0.211648,0.006749,0.012261,0.08748924,1,0,0
S000164,0.41848399,0.4782775,0.05979351,2,0.201125,0.092554,0.075688,0.06649763,1,0,0
S000165,0.15535596,0.17825554,0.02289958,1,0.560859,0.081719,0.011404,0.11269625,0,1,1
S000166,0.15674689,0.28302796,0.12628107,1,0.509843,0.162808,0.114492,0.08580094,0,1,0
S000167,0.38969946,0.53176957,0.1420701,2,0.12156,0.048792,0.101381,0.09358441,1,0,0
S000168,0.04607743,0.04898195,0.00290453,1,0.231552,0.11717,0.114173,0.0784871,0,0,0
S000169,0.2563963,0.38415374,0.12775745,1,0.127119,0.085059,0.053246,0.11032121,1,0,1
S000170,0.3813805,0.44482185,0.06344136,2,0.265254,0.126193,0.020693,0.02094146,1,0,0
S000171,0.01379394,0.0339051,0.02011116,1,0.230233,0.119928,0.010214,0.19277286,0,0,1
S000172,0.41175099,0.454322,0.04257101,1,0.172174,0.015257,0.019336,0.29939805,1,0,1
S000173,0.42354287,0.45668592,0.03314304,2,0.196752,0.053653,0.009124,0.04647955,1,0,0
S000174,0.05019291,0.13633461,0.08614171,0,0.488053,0.179184,0.015929,0.14217165,0,1,1
S000175,0.04523928,0.1968018,0.15156252,1,0.274618,0.080216,0.05294,0.01322063,0,0,0
S000176,0.10607851,0.1730606,0.06698209,0,0.243236,0.054048,0.033305,0.07485108,0,0,0
S000177,0.0300456,0.17333692,0.14329132,1,0.198873,0.273451,0.074929,0.21565899,0,1,1
S000178,0.03095811,0.18044557,0.14948746,1,0.34177,0.016209,0.074269,0.05834113,0,0,0
S000179,0.04888241,0.08180431,0.0329219,2,0.2255,0.250417,0.078503,0.0542931,0,1,0
S000180,0.09340057,0.13299484,0.03959427,1,0.106174,0.111053,0.060701,0.01180665,0,0,0
S000181,0.09811761,0.2341142,0.13599659,1,0.106873,0.025353,0.083404,0.01908801,0,0,0
S000182,0.07862811,0.08933502,0.01070692,1,0.465892,0.062746,0.014652,0.0050126,0,1,0
S000183,0.18655885,0.27341462,0.08685576,1,0.130902,0.012971,0.100765,0.04505259,0,0,0
S000184,0.04155938,0.09232306,0.05076368,0,0.330298,0.029557,0.094218,0.09212423,0,0,0
S000185,0.17574902,0.29598493,0.1202359,2,0.213392,0.136072,0.027308,0.05247728,0,0,0
S000186,0.06639246,0.13938318,0.07299073,0,0.337252,0.015571,0.086054,0.04018814,0,0,0
S000187,0.18169569,0.22845568,0.04676,1,0.124167,0.029519,0.089473,0.01798815,0,0,0
S000188,0.41165342,0.50723819,0.09558477,1,0.260624,0.13086,0.02216,0.04513762,1,0,0
S000189,0.04758847,0.06128752,0.01369906,0,0.206136,0.109198,0.040986,0.18739636,0,0,1
S000190,0.01189942,0.09787948,0.08598007,0,0.335239,0.113908,0.067202,0.05596318,0,0,0
S000191,0.18287085,0.25513467,0.07226383,1,0.495593,0.102738,0.03967,0.07082237,0,1,0
S000192,0.12983964,0.22674934,0.0969097,1,0.20916,0.13296,0.073278,0.09426296,0,0,0
S000193,0.31541907,0.48317579,0.16775672,2,0.104311,0.025083,0.102415,0.07338073,1,0,0
S000194,0.06089729,0.21625366,0.15535637,1,0.270868,0.022993,0.10293,0.06598088,0,0,0
S000195,0.13011091,0.23105458,0.10094367,1,0.206342,0.122699,0.064854,0.02387854,0,0,0
S000196,0.05225876,0.1304258,0.07816703,0,0.521116,0.056795,0.074447,0.03207809,0,1,0
S000197,0.09725701,0.12377662,0.02651961,0,0.50829,0.069885,0.038164,0.03907462,0,1,0
S000198,0.29258117,0.36872479,0.07614362,2,0.580331,0.056125,0.029414,0.06899688,0,1,0
S000199,0.54099758,0.55693667,0.01593909,2,0.131149,0.063975,0.036947,0.08073324,1,0,0
S000200,0.04800916,0.18632876,0.13831959,1,0.151188,0.030729,0.111415,0.0095241,0,0,0
S000201,0.10961507,0.22106151,0.11144644,1,0.181101,0.057498,0.074643,0.02563494,0,0,0
S000202,0.04694421,0.15728285,0.11033864,1,0.592813,0.189484,0.048412,0.06033382,0,1,0
S000203,0.27046353,0.36716472,0.09670119,1,0.149618,0.055434,0.037523,0.0327627,1,0,0
S000204,0.21583869,0.22394306,0.00810438,0,0.223297,0.090403,0.066397,0.04085478,1,0,0
S000205,0.04658548,0.17514825,0.12856276,1,0.229777,0.075504,0.046452,0.09363179,0,0,0
S000206,0.05280817,0.068701,0.01589284,1,0.260125,0.028359,0.08696,0.02661364,0,0,0
S000207,0.41471224,0.43107015,0.01635791,1,0.323261,0.077386,0.050799,0.07091536,1,0,0
S000208,0.19548565,0.21626413,0.02077848,1,0.236581,0.276863,0.061395,0.04840754,0,1,0
S000209,0.065818,0.17514128,0.10932328,0,0.217536,0.084716,0.015016,0.17983475,0,0,1
S000210,0.09770413,0.10706257,0.00935844,1,0.523573,0.110444,0.094109,0.0316187,0,1,0
S000211,0.43035116,0.54907476,0.1187236,1,0.10758,0.092297,0.095491,0.0223331,1,0,0
S000212,0.17884697,0.33988106,0.16103409,1,0.249013,0.235456,0.002381,0.06584014,1,1,0
S000213,0.06082944,0.11186576,0.05103632,0,0.180007,0.101723,0.09748,0.07735255,0,0,0
S000214,0.05215776,0.12072374,0.06856598,1,0.252073,0.275251,0.077843,0.05071964,0,1,0
S000215,0.04979658,0.09449922,0.04470264,0,0.22134,0.108543,0.118989,0.17466499,0,0,1
S000216,0.02259497,0.03306847,0.0104735,0,0.414478,0.124918,0.035957,0.07429206,0,1,0
S000217,0.1560329,0.230872,0.07483909,2,0.566818,0.21697,0.034397,0.07719388,0,1,0
S000218,0.24038965,0.25439927,0.01400962,1,0.234416,0.214436,0.08011,0.29545335,0,1,1
S000219,0.43241921,0.46149916,0.02907995,1,0.138411,0.08632,0.027631,0.05223002,1,0,0
S000220,0.07699031,0.16816357,0.09117325,1,0.147899,0.133471,0.116242,0.00527843,0,0,0
S000221,0.28900936,0.30970607,0.02069671,2,0.159977,0.134123,0.106993,0.07338914,0,0,0
S000222,0.43208245,0.55093195,0.1188495,2,0.106597,0.012639,0.040924,0.0680123,1,0,0
S000223,0.62013001,0.6210977,0.00096768,2,0.335245,0.275071,0.059621,0.0253737,1,1,0
S000224,0.09062836,0.24287349,0.15224514,2,0.185434,0.211085,0.105322,0.01385839,0,1,0
S000225,0.09511198,0.16854987,0.07343788,0,0.491855,0.146322,0.080705,0.0101161,0,1,0
S000226,0.07364032,0.09496886,0.02132854,1,0.32246,0.005122,0.049011,0.01667424,0,0,0
S000227,0.20521784,0.26389,0.05867217,0,0.15014,0.032294,0.050902,0.02340732,1,0,0
S000228,0.08619458,0.22276613,0.13657155,1,0.395092,0.018844,0.056051,0.03703157,0,1,0
S000229,0.06658635,0.2223719,0.15578556,1,0.210172,0.138702,0.002087,0.06636594,0,0,0
S000230,0.14018184,0.18073283,0.04055099,0,0.268157,0.066049,0.040852,0.05437414,0,0,0
S000231,0.30819586,0.34695546,0.03875961,1,0.333205,0.192996,0.066049,0.01887229,1,1,0
S000232,0.19180716,0.30034268,0.10853551,0,0.169036,0.022735,0.042419,0.08904534,1,0,0
S000233,0.26727767,0.27227949,0.00500182,1,0.210905,0.21406,0.100775,0.12348499,0,1,1
S000234,0.30331222,0.44607704,0.14276482,2,0.354198,0.115807,0.07449,0.01595717,1,1,0
S000235,0.26031735,0.33927579,0.07895844,2,0.322871,0.144638,0.056686,0.02827098,0,0,0
S000236,0.10355703,0.17650573,0.0729487,0,0.122958,0.031842,0.030679,0.02126211,0,0,0
S000237,0.13394049,0.27160005,0.13765956,2,0.479659,0.072054,0.010403,0.06367847,0,1,0
S000238,0.20547632,0.28406182,0.0785855,1,0.172042,0.116851,0.01367,0.03610059,0,0,0
S000239,0.01467716,0.09614105,0.08146389,1,0.105219,0.097192,0.119001,0.09146027,0,0,0
S000240,0.60635559,0.61249189,0.0061363,2,0.298735,0.144894,0.017894,0.02990478,1,0,0
S000241,0.16552623,0.24067053,0.0751443,0,0.152568,0.092857,0.107482,0.21134654,1,0,1
S000242,0.04034279,0.10408281,0.06374002,1,0.173422,0.043277,0.045013,0.15072741,0,0,1
S000243,0.33305103,0.45162383,0.1185728,1,0.188961,0.164158,0.069077,0.29860502,1,1,1
S000244,0.05884125,0.12526691,0.06642567,0,0.222899,0.023255,0.005224,0.05443372,0,0,0
S000245,0.18759329,0.26911909,0.0815258,1,0.124649,0.102892,0.098755,0.07484094,0,0,0
S000246,0.02485632,0.15267569,0.12781937,2,0.149177,0.135203,0.022246,0.23229473,0,0,1
S000247,0.02828689,0.19148576,0.16319888,1,0.118243,0.028102,0.051881,0.04310432,0,0,0
S000248,0.02280354,0.08001218,0.05720864,2,0.619025,0.039621,0.087105,0.04281025,0,1,0
S000249,0.12136585,0.16828361,0.04691776,0,0.128906,0.019501,0.063237,0.0194229,0,0,0
S000250,0.12438026,0.1975544,0.07317414,1,0.332419,0.0512,0.084411,0.04774587,0,0,0
S000251,0.3564794,0.47725595,0.12077654,1,0.117135,0.107209,0.068646,0.089232,1,0,0
S000252,0.09253832,0.10535483,0.01281651,1,0.51601,0.088868,0.004623,0.23028601,0,1,1
S000253,0.1200894,0.24557407,0.12548467,1,0.304282,0.05673,0.026591,0.2290385,0,0,1
S000254,0.24236273,0.33428594,0.09192321,1,0.138707,0.102362,0.110405,0.03642985,1,0,0
S000255,0.03770919,0.04993921,0.01223002,1,0.272361,0.109669,0.11804,0.05829765,0,0,0
S000256,0.12702631,0.25135551,0.1243292,1,0.312274,0.008,0.004884,0.04019284,0,0,0
S000257,0.34416344,0.44135449,0.09719105,0,0.340959,0.116737,0.076695,0.0075812,1,0,0
S000258,0.25138315,0.30624474,0.05486159,1,0.239246,0.07622,0.03681,0.08446115,1,0,0
S000259,0.20285768,0.27792188,0.0750642,1,0.248394,0.244863,0.109234,0.09252668,0,1,0
S000260,0.44326259,0.54358293,0.10032034,1,0.300183,0.012688,0.078663,0.04889697,1,0,0
S000261,0.04116928,0.12673144,0.08556216,1,0.16681,0.238251,0.041278,0.0051927,0,1,0
S000262,0.07158897,0.14850056,0.07691159,0,0.180489,0.115669,0.040168,0.13383723,0,0,1
S000263,0.18344005,0.34712622,0.16368617,2,0.360921,0.134192,0.01359,0.04531425,0,1,0
S000264,0.11870243,0.19268285,0.07398041,0,0.340008,0.007975,0.026068,0.04501848,0,0,0
S000265,0.22616393,0.2888719,0.06270798,1,0.637821,0.1797,0.058308,0.01850112,0,1,0
S000266,0.39982419,0.57415042,0.17432623,2,0.202553,0.0594,0.042025,0.08789961,1,0,0
S000267,0.5503591,0.6411473,0.0907882,2,0.16127,0.205792,0.101631,0.03616179,1,1,0
S000268,0.28415852,0.31240967,0.02825115,2,0.121785,0.135097,0.00946,0.16089254,0,0,1
S000269,0.01892652,0.10830711,0.08938059,0,0.185437,0.132616,0.041507,0.01951992,0,0,0
S000270,0.14872801,0.18432721,0.03559921,0,0.203774,0.097277,0.020458,0.25212283,0,0,1
S000271,0.01615863,0.13050763,0.114349,1,0.20338,0.062244,0.114921,0.12713783,0,0,1
S000272,0.08319878,0.23688981,0.15369103,2,0.304013,0.251977,0.101746,0.08780114,0,1,0
S000273,0.05800811,0.15346885,0.09546074,0,0.239667,0.049112,0.066959,0.04791737,0,0,0
S000274,0.51174826,0.55978364,0.04803538,2,0.29382,0.030755,0.04516,0.03933686,1,0,0
S000275,0.06567467,0.20906906,0.14339439,1,0.564422,0.05939,0.070284,0.2950875,0,1,1
S000276,0.04266387,0.05537413,0.01271026,1,0.32172,0.07424,0.063557,0.02381383,0,0,0
S000277,0.12894877,0.251501,0.12255223,1,0.31488,0.267042,0.113968,0.06982091,0,1,0
S000278,0.41324188,0.42308244,0.00984056,1,0.417576,0.175196,0.076827,0.06372454,1,1,0
S000279,0.429411,0.43735932,0.00794832,2,0.329672,0.228503,0.084211,0.07605714,1,1,0
S000280,0.07470871,0.16246754,0.08775884,0,0.159932,0.072631,0.04053,0.17455139,0,0,1
S000281,0.02399256,0.17903751,0.15504495,1,0.632941,0.144739,0.100646,0.19035316,0,1,1
S000282,0.01913885,0.03694917,0.01781032,0,0.227382,0.071193,0.100812,0.07007962,0,0,0
S000283,0.07180199,0.18694569,0.11514371,1,0.282982,0.185991,0.117581,0.028274,0,1,0
S000284,0.17850563,0.30207125,0.12356562,1,0.441532,0.034287,0.075285,0.23831695,1,1,1
S000285,0.20146304,0.21097292,0.00950987,0,0.149796,0.030558,0.105733,0.00964186,1,0,0
S000286,0.01684946,0.11080649,0.09395703,0,0.118389,0.02637,0.058325,0.00996481,0,0,0
S000287,0.0342886,0.18235058,0.14806197,1,0.515348,0.084695,0.104903,0.19103475,0,1,1
S000288,0.26032871,0.36395678,0.10362808,1,0.646084,0.218849,0.107333,0.00989135,1,1,0
S000289,0.41790489,0.48710004,0.06919515,1,0.209775,0.256492,0.013252,0.03663791,1,1,0
S000290,0.20508458,0.30268388,0.0975993,0,0.288339,0.26056,0.05026,0.12780822,1,1,1
S000291,0.01897903,0.12288806,0.10390902,0,0.519131,0.204845,0.103918,0.07920677,0,1,0
S000292,0.0694187,0.11322941,0.04381071,1,0.412301,0.075294,0.014328,0.05847867,0,1,0
S000293,0.07309301,0.12704964,0.05395664,1,0.176319,0.133555,0.105855,0.02024085,0,0,0
S000294,0.02285411,0.14502874,0.12217463,2,0.275168,0.137215,0.053914,0.03713955,0,0,0
S000295,0.2494633,0.27845897,0.02899567,1,0.591758,0.08837,0.036832,0.02217979,0,1,0
S000296,0.41280063,0.56352658,0.15072595,2,0.261265,0.126799,0.017985,0.24413856,1,0,1
S000297,0.11915744,0.17269449,0.05353705,1,0.174194,0.142114,0.027861,0.08096891,0,0,0
S000298,0.26271187,0.40994862,0.14723675,1,0.446071,0.133331,0.07613,0.04279421,1,1,0
S000299,0.09598438,0.17344365,0.07745927,1,0.242378,0.01609,0.014801,0.2241833,0,0,1
S000300,0.02482265,0.07942042,0.05459777,1,0.577692,0.150461,0.051885,0.02324179,0,1,0
S000301,0.1139189,0.241327,0.1274081,1,0.249403,0.023608,0.041099,0.05303573,0,0,0
S000302,0.16186574,0.21022404,0.0483583,2,0.217308,0.076368,0.027954,0.06619745,0,0,0
S000303,0.12758122,0.24609069,0.11850947,1,0.186548,0.161883,0.099684,0.03767133,0,1,0
S000304,0.15713394,0.23193211,0.07479816,1,0.10794,0.046231,0.103803,0.04026318,0,0,0
S000305,0.12174581,0.12397834,0.00223253,2,0.307662,4e-05,0.043899,0.07590519,0,0,0
S000306,0.17596437,0.26479936,0.08883499,1,0.408916,0.138285,0.117335,0.25210877,0,1,1
S000307,0.19486757,0.22184189,0.02697433,1,0.290573,0.101269,0.106248,0.07328057,0,0,0
S000308,0.13916854,0.19292342,0.05375487,0,0.119192,0.134237,0.064916,0.09104205,0,0,0
S000309,0.18224717,0.25347161,0.07122444,1,0.112739,0.051715,0.074505,0.21713121,0,0,1
S000310,0.15458672,0.15851233,0.0039256,1,0.643257,0.171144,0.072786,0.27583115,0,1,1
S000311,0.10292254,0.18085237,0.07792983,2,0.210028,0.103148,0.081058,0.02197367,0,0,0
S000312,0.24351708,0.28667984,0.04316277,0,0.103245,0.123447,0.079754,0.08463688,1,0,0
S000313,0.16550888,0.19459795,0.02908908,1,0.440105,0.017117,0.112264,0.08557236,0,1,0
S000314,0.36665539,0.4285094,0.06185401,1,0.282461,0.10409,0.004232,0.04577343,1,0,0
S000315,0.10698907,0.23951792,0.13252885,1,0.201288,0.11476,0.004441,0.27323839,0,0,1
S000316,0.46676247,0.50299628,0.03623382,1,0.336037,0.115333,0.040594,0.03760934,1,0,0
S000317,0.06086771,0.11722874,0.05636102,1,0.33032,0.082083,0.093262,0.0128812,0,0,0
S000318,0.11729588,0.28313863,0.16584275,2,0.522304,0.214741,0.044756,0.01368611,0,1,0
S000319,0.07834018,0.18609325,0.10775307,0,0.309287,0.01283,0.079563,0.04703132,0,0,0
S000320,0.2067389,0.35010492,0.14336602,2,0.249572,0.053093,0.091438,0.06258335,0,0,0
S000321,0.12204514,0.1792404,0.05719526,1,0.30452,0.099342,0.014922,0.07929943,0,0,0
S000322,0.08362741,0.2146611,0.13103369,1,0.212024,0.026744,0.036445,0.07144561,0,0,0
S000323,0.2265676,0.33555307,0.10898547,1,0.249897,0.115267,0.087775,0.0807409,1,0,0
S000324,0.1204119,0.22422999,0.10381808,0,0.230496,0.013401,0.067152,0.00939374,1,0,0
S000325,0.06850309,0.2226677,0.15416461,1,0.124736,0.011638,0.050052,0.01020381,0,0,0
S000326,0.07745615,0.16186684,0.08441069,0,0.312381,0.042235,0.081152,0.04293545,0,0,0
S000327,0.08375182,0.18206047,0.09830865,0,0.26141,0.074556,0.115533,0.05014053,0,0,0
S000328,0.36474505,0.48616745,0.12142239,1,0.168674,0.078479,0.09596,0.0116807,1,0,0
S000329,0.43205322,0.48398673,0.05193351,1,0.317161,0.231536,0.116039,0.07030346,1,1,0
S000330,0.1414811,0.30586177,0.16438067,2,0.315018,0.071422,0.115444,0.03456874,0,0,0
S000331,0.19986094,0.29223434,0.0923734,1,0.289472,0.151081,0.047977,0.14023546,0,1,1
S000332,0.33630307,0.48433807,0.148035,1,0.60011,0.147545,0.077133,0.00967033,1,1,0
S000333,0.2253411,0.24944207,0.02410097,1,0.214989,0.215448,0.005244,0.09317464,0,1,0
S000334,0.1114015,0.16675297,0.05535147,0,0.291286,0.042159,0.018267,0.02040807,0,0,0
S000335,0.43518776,0.45072328,0.01553552,1,0.343871,0.080348,0.097177,0.06610569,1,0,0
S000336,0.20381113,0.25679104,0.05297991,0,0.4837,0.102078,0.021201,0.0824716,1,1,0
S000337,0.05628589,0.21098298,0.15469709,1,0.312002,0.037083,0.048566,0.09133007,0,0,0
S000338,0.14565706,0.25983904,0.11418198,1,0.114834,0.141236,0.019061,0.04779821,0,0,0
S000339,0.42892996,0.46754691,0.03861695,1,0.160166,0.142814,0.025272,0.09407644,1,0,0
S000340,0.12442727,0.25667627,0.132249,1,0.244285,0.192326,0.013807,0.07607191,0,1,0
S000341,0.14402633,0.27284318,0.12881686,1,0.275759,0.045529,0.072761,0.06075021,0,0,0
S000342,0.0717551,0.07367977,0.00192466,0,0.629894,0.086126,0.080978,0.03089692,0,1,0
S000343,0.22137375,0.38701071,0.16563695,2,0.31602,0.050274,0.074895,0.04596404,0,0,0
S000344,0.18736854,0.21442591,0.02705736,2,0.182077,0.101,0.084803,0.05142697,0,0,0
S000345,0.18564308,0.24241204,0.05676897,1,0.174313,0.223493,0.075213,0.12343591,0,1,1
S000346,0.19975579,0.24429766,0.04454188,0,0.577072,0.061958,0.022962,0.05460989,1,1,0
S000347,0.10972094,0.16983777,0.06011682,1,0.412694,0.078145,0.058728,0.05946746,0,1,0
S000348,0.31074314,0.48972594,0.1789828,2,0.289059,0.015822,0.04008,0.05995675,1,0,0
S000349,0.38379703,0.54733934,0.1635423,2,0.106675,0.120804,0.013191,0.0447835,1,0,0
S000350,0.04213511,0.18083125,0.13869614,1,0.272194,0.07975,0.02468,0.07840046,0,0,0
S000351,0.11445158,0.17684318,0.0623916,1,0.278157,0.236326,0.052868,0.02545774,0,1,0
S000352,0.13683414,0.2184046,0.08157046,1,0.155552,0.059889,0.048746,0.05898325,0,0,0
S000353,0.03136346,0.0708134,0.03944994,1,0.119026,0.143146,0.047964,0.01685499,0,0,0
S000354,0.04919469,0.1569931,0.10779841,0,0.259673,0.073957,0.049878,0.08030858,0,0,0
S000355,0.20759303,0.29100478,0.08341175,1,0.310144,0.07866,0.0151,0.01463967,0,0,0
S000356,0.05005368,0.19994864,0.14989497,1,0.191575,0.083307,0.114786,0.10474231,0,0,1
S000357,0.39917456,0.48904675,0.08987218,2,0.179524,0.05034,0.118219,0.04305597,1,0,0
S000358,0.28911896,0.4436965,0.15457754,2,0.301526,0.029908,0.089882,0.04657174,1,0,0
S000359,0.31926346,0.36630476,0.0470413,1,0.190705,0.098713,0.065883,0.02567372,1,0,0
S000360,0.14914375,0.16197146,0.01282771,0,0.226756,0.00104,0.039369,0.09481184,0,0,0
S000361,0.06850085,0.20724552,0.13874467,1,0.322631,0.125627,0.003508,0.07611519,0,0,0
S000362,0.01562547,0.13057772,0.11495226,1,0.134686,0.084739,0.058394,0.04886801,0,0,0
S000363,0.19245178,0.25779959,0.0653478,0,0.371382,0.107759,0.078602,0.05225285,1,1,0
S000364,0.18631001,0.27668961,0.0903796,1,0.289486,0.103751,0.027318,0.0168453,0,0,0
S000365,0.03889636,0.09983402,0.06093766,0,0.523637,0.099205,0.002309,0.01308019,0,1,0
S000366,0.43846586,0.61244236,0.17397651,2,0.200879,0.10032,0.11977,0.08087055,1,0,0
S000367,0.09375396,0.15827586,0.0645219,0,0.379771,0.161551,0.019665,0.04607079,0,1,0
S000368,0.08995219,0.14956349,0.0596113,0,0.526998,0.081603,0.093861,0.07310418,0,1,0
S000369,0.09933556,0.23644416,0.1371086,1,0.217288,0.057027,0.062469,0.10835131,0,0,1
S000370,0.30844612,0.39194421,0.08349809,1,0.201254,0.061673,0.036411,0.08386344,1,0,0
S000371,0.20058092,0.29108444,0.09050352,2,0.30063,0.057807,0.101948,0.03141663,0,0,0
S000372,0.20995044,0.36912417,0.15917372,1,0.185512,0.254684,0.058388,0.25990609,1,1,1
S000373,0.29694965,0.30190245,0.0049528,1,0.234976,0.024129,0.020885,0.0057648,1,0,0
S000374,0.14732231,0.22611682,0.07879451,1,0.2129,0.033737,0.058206,0.05022212,0,0,0
S000375,0.31503663,0.42189207,0.10685544,2,0.222457,0.037784,0.014505,0.25093305,1,0,1
S000376,0.34601096,0.47096835,0.1249574,1,0.300198,0.258413,0.031536,0.23459589,1,1,1
S000377,0.09981526,0.20979667,0.10998141,2,0.456908,0.050771,0.099787,0.13133122,0,1,1
S000378,0.41358888,0.4598314,0.04624252,1,0.52497,0.040712,0.025699,0.01105463,1,1,0
S000379,0.28866158,0.38884096,0.10017939,0,0.107594,0.086828,0.05707,0.05752635,1,0,0
S000380,0.05678443,0.10850692,0.05172249,0,0.206206,0.066482,0.102589,0.0475224,0,0,0
S000381,0.00948103,0.06549147,0.05601044,1,0.235834,0.060726,0.050223,0.05772282,0,0,0
S000382,0.07420324,0.15165711,0.07745387,0,0.224816,0.119489,0.021831,0.06853515,0,0,0
S000383,0.06286308,0.14415444,0.08129136,0,0.41814,0.161108,0.02499,0.18140166,0,1,1
S000384,0.10744227,0.23951105,0.13206878,1,0.410021,0.14564,0.003415,0.03868688,0,1,0
S000385,0.03781325,0.07883967,0.04102642,0,0.201691,0.138744,0.08122,0.21597219,0,0,1
S000386,0.32758586,0.39372264,0.06613678,1,0.229927,0.009721,0.044733,0.03081825,1,0,0
S000387,0.33024547,0.46016193,0.12991646,1,0.547316,0.064843,0.113408,0.00794062,1,1,0
S000388,0.16483163,0.2282893,0.06345767,1,0.324,0.021512,0.034448,0.02392321,0,0,0
S000389,0.17044632,0.19080243,0.02035611,1,0.249637,0.023098,0.091531,0.19045439,0,0,1
S000390,0.10461549,0.25198443,0.14736894,1,0.325603,0.056268,0.077885,0.09288241,0,0,0
S000391,0.02299195,0.18394661,0.16095467,1,0.600689,0.133913,0.102002,0.09353563,0,1,0
S000392,0.12156284,0.17850106,0.05693822,1,0.193179,0.020878,0.103966,0.04147184,0,0,0
S000393,0.09708453,0.13454871,0.03746418,0,0.292513,0.063961,0.09417,0.0542029,0,0,0
S000394,0.36261994,0.38899736,0.02637742,0,0.160035,0.141222,0.025004,0.07020711,1,0,0
S000395,0.01272831,0.02876306,0.01603475,0,0.226565,0.114849,0.075127,0.03313836,0,0,0
S000396,0.29254694,0.35970854,0.06716159,1,0.270555,0.004574,0.005432,0.06492449,1,0,0
S000397,0.56232967,0.64732812,0.08499844,2,0.483634,0.198162,0.046012,0.26427922,1,1,1
S000398,0.3205235,0.32582088,0.00529738,1,0.188477,0.049257,0.049359,0.13995424,1,0,1
S000399,0.38105773,0.46965947,0.08860174,1,0.526906,0.058552,0.08858,0.06091938,1,1,0
S000400,0.13218422,0.27671906,0.14453484,2,0.108886,0.093433,0.033446,0.06077518,0,0,0
S000401,0.05597031,0.12763354,0.07166324,1,0.182182,0.113715,0.02064,0.08729405,0,0,0
S000402,0.2179979,0.3108227,0.0928248,1,0.18177,0.008161,0.108745,0.03654518,1,0,0
S000403,0.25404165,0.28797036,0.03392871,2,0.502866,0.207638,0.102736,0.07596859,0,1,0
S000404,0.08846562,0.19462833,0.10616272,0,0.224668,0.058362,0.035517,0.06172654,0,0,0
S000405,0.0920605,0.10170175,0.00964125,0,0.101593,0.125143,0.040235,0.14674939,0,0,1
S000406,0.11001809,0.16244414,0.05242605,0,0.480293,0.121583,0.108891,0.08150196,0,1,0
S000407,0.10160039,0.21694835,0.11534797,2,0.189352,0.095099,0.056041,0.13710262,0,0,1
S000408,0.21790034,0.29200727,0.07410692,2,0.261188,0.108013,0.026613,0.03114305,0,0,0
S000409,0.2485683,0.36491375,0.11634546,1,0.297816,0.207173,0.041511,0.03173641,1,1,0
S000410,0.11467196,0.13017657,0.01550461,0,0.268733,0.214318,0.022123,0.11172735,0,1,1
S000411,0.33506823,0.48795487,0.15288664,1,0.298987,0.082684,0.021802,0.01225232,1,0,0
S000412,0.07357852,0.20050802,0.1269295,1,0.115781,0.020525,0.091884,0.28942235,0,0,1
S000413,0.11989655,0.21831391,0.09841736,1,0.34265,0.058496,0.101571,0.06496586,0,0,0
S000414,0.05909164,0.22729182,0.16820019,2,0.322743,0.027146,0.109521,0.06081546,0,0,0
S000415,0.08965844,0.09627806,0.00661962,1,0.61981,0.009556,0.081763,0.09408799,0,1,0
S000416,0.16366896,0.18006165,0.0163927,0,0.141687,0.122646,0.097194,0.0740977,0,0,0
S000417,0.24976939,0.2975998,0.0478304,1,0.157544,0.085152,0.05327,0.00775898,0,0,0
S000418,0.14226686,0.29309775,0.1508309,1,0.310958,0.073576,0.021865,0.27558869,0,0,1
S000419,0.14152148,0.24730435,0.10578287,1,0.154606,0.12335,0.009001,0.06908415,0,0,0
S000420,0.22118824,0.26493161,0.04374338,2,0.521242,0.004484,0.004695,0.25785006,0,1,1
S000421,0.37586979,0.4793951,0.10352531,1,0.107799,0.087872,0.017381,0.04463746,1,0,0
S000422,0.05859367,0.06923283,0.01063916,0,0.161993,0.02685,0.081219,0.0640152,0,0,0
S000423,0.10072537,0.19876989,0.09804451,1,0.353173,0.189085,0.114094,0.10780689,0,1,1
S000424,0.22369403,0.2973398,0.07364577,1,0.625577,0.126801,0.011833,0.0495683,0,1,0
S000425,0.18088621,0.25683177,0.07594556,1,0.193783,0.262657,0.117897,0.00543548,0,1,0
S000426,0.06731371,0.08454555,0.01723185,0,0.148728,0.140439,0.1072,0.17593955,0,0,1
S000427,0.01251505,0.09999188,0.08747683,0,0.259719,0.104969,0.055254,0.08196607,0,0,0
S000428,0.19669692,0.23859235,0.04189543,1,0.411254,0.061926,0.076768,0.21152538,0,1,1
S000429,0.35283302,0.46225518,0.10942215,2,0.164228,0.112353,0.048161,0.05363022,1,0,0
S000430,0.03218268,0.11500577,0.08282309,0,0.11607,0.023194,0.067725,0.03928001,0,0,0
S000431,0.07666577,0.14003041,0.06336464,1,0.145604,0.080331,0.057277,0.21929879,0,0,1
S000432,0.14321164,0.29500203,0.15179038,2,0.2065,0.10061,0.013077,0.04930164,0,0,0
S000433,0.07154121,0.1638411,0.09229989,0,0.338018,0.023065,0.017437,0.04693081,0,0,0
S000434,0.24873499,0.28065121,0.03191622,1,0.324636,0.085962,0.053972,0.23586387,0,0,1
S000435,0.5322529,0.53294932,0.00069643,1,0.352598,0.160991,0.068141,0.29771275,1,1,1
S000436,0.05231799,0.11533394,0.06301595,0,0.377904,0.122532,0.115277,0.23995485,0,1,1
S000437,0.03768583,0.1726428,0.13495696,1,0.313488,0.144731,0.032008,0.03397543,0,0,0
S000438,0.46666719,0.50938137,0.04271419,1,0.422038,0.122848,0.110141,0.14654869,1,1,1
S000439,0.29828413,0.40227216,0.10398803,1,0.134647,0.013006,0.091576,0.08108981,1,0,0
S000440,0.29826516,0.32368816,0.025423,0,0.156456,0.153526,0.11984,0.0176938,1,1,0
S000441,0.20228143,0.28181168,0.07953025,1,0.291607,0.12664,0.057321,0.08555009,0,0,0
S000442,0.06867722,0.18778201,0.1191048,1,0.5686,0.112068,0.077788,0.00943827,0,1,0
S000443,0.07030673,0.1993094,0.12900267,1,0.285133,0.111222,0.048402,0.06078256,0,0,0
S000444,0.07078903,0.159216,0.08842697,0,0.11794,0.059018,0.048013,0.06443962,0,0,0
S000445,0.04234413,0.07981774,0.03747361,1,0.329195,0.175085,0.042324,0.15629736,0,1,1
S000446,0.27169005,0.38917646,0.11748641,1,0.108691,0.031873,0.096889,0.06939065,1,0,0
S000447,0.34397397,0.37280775,0.02883378,1,0.202414,0.044673,0.044406,0.13466881,1,0,1
S000448,0.25925844,0.32192737,0.06266892,1,0.289302,0.115869,0.098485,0.24936947,1,0,1
S000449,0.30039403,0.4264388,0.12604477,2,0.136091,0.13179,0.081704,0.09228193,1,0,0
S000450,0.01563201,0.12120484,0.10557283,1,0.152194,0.133859,0.072031,0.08032396,0,0,0
S000451,0.09420562,0.1164396,0.02223398,0,0.177642,0.132871,0.020883,0.02033624,0,0,0
S000452,0.11562416,0.19222679,0.07660263,0,0.136145,0.198728,0.023593,0.06178463,0,1,0
S000453,0.13088846,0.2649568,0.13406833,1,0.408357,0.082244,0.089654,0.07280559,0,1,0
S000454,0.09396807,0.1283569,0.03438883,1,0.121326,0.123542,0.007167,0.06366701,0,0,0
S000455,0.02837295,0.15549797,0.12712502,1,0.309526,0.12159,0.116935,0.06086971,0,0,0
S000456,0.02459946,0.10212134,0.07752188,1,0.213861,0.156011,0.056638,0.06079909,0,1,0
S000457,0.43960135,0.51159102,0.07198967,1,0.150058,0.217208,0.084326,0.0539518,1,1,0
S000458,0.3055154,0.43669563,0.13118023,1,0.532786,0.06954,0.022363,0.07396558,1,1,0
S000459,0.13594026,0.24698673,0.11104648,1,0.117835,0.076864,0.034394,0.11438022,0,0,1
S000460,0.43017089,0.43828695,0.00811606,1,0.314888,0.252508,0.10859,0.29194865,1,1,1
S000461,0.04205648,0.09528972,0.05323324,0,0.201566,0.045549,0.01149,0.1762581,0,0,1
S000462,0.08512469,0.09632881,0.01120412,0,0.31197,0.057501,0.097199,0.06416432,0,0,0
S000463,0.02740752,0.08631179,0.05890427,2,0.332539,0.01954,0.027289,0.04107236,0,0,0
S000464,0.09293456,0.25387282,0.16093826,1,0.121357,0.114356,0.101367,0.02796541,0,0,0
S000465,0.21909762,0.23879334,0.01969572,1,0.194284,0.229733,0.073641,0.06172297,0,1,0
S000466,0.34416356,0.37492913,0.03076557,1,0.2782,0.123188,0.078213,0.08262505,1,0,0
S000467,0.03177208,0.12715477,0.09538269,1,0.203752,0.076127,0.114963,0.14903995,0,0,1
S000468,0.24199387,0.31980175,0.07780788,0,0.51648,0.031144,0.007787,0.01092746,1,1,0
S000469,0.12599989,0.23976362,0.11376374,2,0.475816,0.071639,0.07769,0.07931861,0,1,0
S000470,0.12906894,0.23478494,0.105716,0,0.311133,0.194478,0.046173,0.05652972,1,1,0
S000471,0.38175977,0.52418305,0.14242328,1,0.293658,0.012604,0.002381,0.27215662,1,0,1
S000472,0.38621665,0.54103381,0.15481716,1,0.563362,0.052847,0.012194,0.00562243,1,1,0
S000473,0.22077351,0.26368037,0.04290686,1,0.58269,0.15627,0.036468,0.04446769,0,1,0
S000474,0.135456,0.2733891,0.1379331,1,0.462807,0.003336,0.092285,0.21277068,0,1,1
S000475,0.09092916,0.24725064,0.15632148,2,0.250723,0.13231,0.010236,0.08751065,0,0,0
S000476,0.04291905,0.12475775,0.0818387,1,0.101193,0.051288,0.076346,0.23160951,0,0,1
S000477,0.19933361,0.34836945,0.14903584,1,0.192486,0.098709,0.069761,0.09320951,1,0,0
S000478,0.14508405,0.16663034,0.02154629,1,0.107147,0.117091,0.055733,0.1129687,0,0,1
S000479,0.11111971,0.25840097,0.14728125,1,0.36413,0.160861,0.027418,0.02101761,0,1,0
S000480,0.51757239,0.62675856,0.10918617,2,0.176024,0.133322,0.108127,0.01930902,1,0,0
S000481,0.08329162,0.12933194,0.04604032,0,0.119857,0.091379,0.094678,0.08339818,0,0,0
S000482,0.08283343,0.22245892,0.13962549,1,0.166499,0.024456,0.085834,0.01901325,0,0,0
S000483,0.16537729,0.19498354,0.02960625,0,0.195049,0.102157,0.076033,0.027545,0,0,0
S000484,0.22936139,0.27642716,0.04706577,1,0.305751,0.121553,0.110766,0.06179387,0,0,0
S000485,0.59319233,0.60625467,0.01306234,2,0.188177,0.046436,0.075141,0.00593465,1,0,0
S000486,0.04415925,0.10424547,0.06008623,1,0.433798,0.121083,0.051505,0.07478419,0,1,0
S000487,0.0193755,0.09181057,0.07243507,0,0.127947,0.011505,0.098099,0.0243518,0,0,0
S000488,0.35372743,0.41152955,0.05780212,1,0.278305,0.119388,0.014884,0.23044014,1,0,1
S000489,0.20747912,0.29578486,0.08830574,2,0.335579,0.051366,0.063796,0.03694332,0,0,0
S000490,0.0761239,0.18527022,0.10914633,1,0.487513,0.06113,0.075516,0.27236822,0,1,1
S000491,0.06408519,0.21758737,0.15350217,1,0.104144,0.081885,0.092776,0.11556904,0,0,1
S000492,0.06157118,0.18657672,0.12500554,1,0.326519,0.11734,0.028338,0.26861521,0,0,1
S000493,0.44241501,0.44776314,0.00534813,2,0.130357,0.112218,0.114342,0.08305934,1,0,0
S000494,0.06471195,0.15119025,0.0864783,1,0.599765,0.000873,0.064364,0.02476474,0,1,0
S000495,0.43779713,0.4394586,0.00166147,1,0.233618,0.005583,0.115129,0.13942141,1,0,1
S000496,0.20429188,0.34739331,0.14310143,2,0.175327,0.116303,0.028744,0.01742648,0,0,0
S000497,0.15433772,0.24671875,0.09238103,1,0.147479,0.220354,0.011909,0.03602392,0,1,0
S000498,0.15944186,0.1739795,0.01453763,1,0.187644,0.08947,0.112961,0.18473755,0,0,1
S000499,0.03599275,0.19920856,0.16321581,1,0.266559,0.099221,0.040456,0.03415696,0,0,0
S000500,0.29661427,0.33468843,0.03807416,0,0.132239,0.092191,0.026485,0.04506745,1,0,0
S000501,0.02791721,0.12661783,0.09870062,0,0.276625,0.088681,0.037555,0.02106345,0,0,0
S000502,0.01522842,0.10733874,0.09211032,0,0.170388,0.071859,0.017609,0.0911261,0,0,0
S000503,0.32676002,0.3698574,0.04309739,2,0.444347,0.174233,0.047552,0.08505902,0,1,0
S000504,0.47909043,0.53842032,0.05932989,1,0.186559,0.03327,0.010138,0.02558811,1,0,0
S000505,0.29297335,0.37701743,0.08404408,0,0.384833,0.079967,0.063944,0.08502101,1,1,0
S000506,0.01700446,0.14866673,0.13166227,1,0.148582,0.093598,0.103431,0.02774885,0,0,0
S000507,0.52172937,0.5380713,0.01634193,2,0.459497,0.203771,0.01719,0.03402663,1,1,0
S000508,0.2264585,0.31004152,0.08358301,2,0.249306,0.177207,0.084102,0.08809534,0,1,0
S000509,0.15945435,0.26473292,0.10527857,1,0.260237,0.262104,0.10456,0.01832743,0,1,0
S000510,0.05377545,0.22139982,0.16762437,2,0.247492,0.035311,0.006536,0.12536458,0,0,1
S000511,0.11122663,0.25558734,0.14436071,1,0.284228,0.028044,0.099106,0.01952997,0,0,0
S000512,0.12844789,0.23312528,0.10467739,1,0.159968,0.052402,0.007899,0.03955393,0,0,0
S000513,0.09020952,0.10263921,0.01242969,0,0.134114,7.4e-05,0.009269,0.04770386,0,0,0
S000514,0.39640535,0.55756549,0.16116014,2,0.443277,0.104981,0.022939,0.04889551,1,1,0
S000515,0.44077672,0.49275828,0.05198155,2,0.200276,0.085642,0.035554,0.08395472,1,0,0
S000516,0.19387135,0.25788634,0.064015,2,0.58759,0.093247,0.066392,0.05931545,0,1,0
S000517,0.0977515,0.16901038,0.07125889,0,0.244898,0.10285,0.078407,0.04759521,0,0,0
S000518,0.14400032,0.2828357,0.13883538,1,0.13117,0.059075,0.112374,0.01855571,0,0,0
S000519,0.24415505,0.35895883,0.11480378,1,0.618633,0.136882,0.04697,0.05628833,1,1,0
S000520,0.11511138,0.21510178,0.0999904,2,0.481061,0.041234,0.048484,0.20132969,0,1,1
S000521,0.13300502,0.15723557,0.02423055,0,0.377793,0.143144,0.080055,0.0100133,0,1,0
S000522,0.35467614,0.43033968,0.07566353,2,0.105372,0.1125,0.05757,0.0789297,1,0,0
S000523,0.21598922,0.35120824,0.13521903,1,0.505219,0.117396,0.08932,0.08899923,1,1,0
S000524,0.34637583,0.34971363,0.00333781,1,0.117172,0.055197,0.076391,0.02512401,1,0,0
S000525,0.04794407,0.12460013,0.07665607,2,0.305068,0.076558,0.047289,0.00640779,0,0,0
S000526,0.19590034,0.26621118,0.07031084,1,0.21415,0.082138,0.095727,0.23505955,0,0,1
S000527,0.25267053,0.30976975,0.05709921,0,0.276829,0.207261,0.089802,0.03126504,1,1,0
S000528,0.17798901,0.26459999,0.08661098,0,0.144447,0.006524,0.043005,0.02273987,1,0,0
S000529,0.15199718,0.29252585,0.14052867,2,0.30457,0.01164,0.074269,0.03859197,0,0,0
S000530,0.2493454,0.38149912,0.13215372,1,0.109078,0.061443,0.085116,0.06166366,1,0,0
S000531,0.14108232,0.17152406,0.03044175,1,0.290183,0.062187,0.106689,0.08962145,0,0,0
S000532,0.07494361,0.11425342,0.03930981,1,0.246291,0.005751,0.058305,0.12326204,0,0,1
S000533,0.04912377,0.1141411,0.06501732,1,0.325787,0.139739,0.067907,0.07359147,0,0,0
S000534,0.10304727,0.18392902,0.08088175,2,0.275841,0.273819,0.055362,0.03045908,0,1,0
S000535,0.53683166,0.55857512,0.02174347,2,0.126457,0.127838,0.054848,0.04847381,1,0,0
S000536,0.03989275,0.04619863,0.00630588,0,0.276314,0.079426,0.060832,0.03587324,0,0,0
S000537,0.02452398,0.09773032,0.07320634,0,0.339801,0.124297,0.016043,0.03198608,0,0,0
S000538,0.10578436,0.19185131,0.08606695,0,0.591032,0.207633,0.004627,0.06078354,0,1,0
S000539,0.02665131,0.18991074,0.16325943,1,0.129731,0.036788,0.078219,0.25412963,0,0,1
S000540,0.5324352,0.5346495,0.00221431,1,0.28322,0.11088,0.025129,0.07703938,1,0,0
S000541,0.12184329,0.12435988,0.00251659,0,0.32116,0.115532,0.083081,0.06583645,0,0,0
S000542,0.11926402,0.17851216,0.05924814,0,0.189851,0.062716,0.045773,0.02554662,0,0,0
S000543,0.0443572,0.07689125,0.03253405,1,0.253207,0.133115,0.040009,0.20053386,0,0,1
S000544,0.03623072,0.20766545,0.17143473,2,0.18005,0.06713,0.094458,0.09459346,0,0,0
S000545,0.28049957,0.37778274,0.09728317,1,0.185331,0.210337,0.108629,0.0109558,1,1,0
S000546,0.11849917,0.24854166,0.13004249,1,0.633478,0.021201,0.051374,0.08528928,0,1,0
S000547,0.14638886,0.21174421,0.06535535,0,0.545928,0.145331,0.078775,0.03772182,1,1,0
S000548,0.16258215,0.17700597,0.01442382,2,0.131298,0.098081,0.05047,0.05969688,0,0,0
S000549,0.20364589,0.24909331,0.04544742,1,0.17754,0.082379,0.114266,0.03368564,0,0,0
S000550,0.39016105,0.46340509,0.07324404,2,0.121913,0.04512,0.032999,0.27525032,1,0,1
S000551,0.04833718,0.1190845,0.07074732,1,0.316979,0.010966,0.022004,0.02849334,0,0,0
S000552,0.05769444,0.16555786,0.10786342,1,0.140391,0.010823,0.050155,0.06781682,0,0,0
S000553,0.07298953,0.1253762,0.05238667,1,0.468565,0.167437,0.060592,0.04006198,0,1,0
S000554,0.09834217,0.1264508,0.02810862,1,0.265945,0.01341,0.06406,0.00655868,0,0,0
S000555,0.25543133,0.39258302,0.13715169,1,0.605386,0.109061,0.061654,0.08199203,1,1,0
S000556,0.28369711,0.31110915,0.02741205,1,0.274075,0.191072,0.102927,0.01367962,1,1,0
S000557,0.181628,0.30150705,0.11987905,2,0.166871,0.049587,0.0394,0.02223,0,0,0
S000558,0.0644643,0.07801859,0.01355429,0,0.293806,0.129636,0.050421,0.00871015,0,0,0
S000559,0.11759148,0.1648249,0.04723342,0,0.10508,0.097097,0.08781,0.02054079,0,0,0
S000560,0.10812409,0.18148245,0.07335836,0,0.59284,0.09704,0.066682,0.19016056,0,1,1
S000561,0.12172489,0.17323597,0.05151108,1,0.187329,0.095136,0.063371,0.05915708,0,0,0
S000562,0.1392603,0.26588722,0.12662693,1,0.256075,0.230247,0.107951,0.06179013,0,1,0
S000563,0.23073977,0.28174769,0.05100792,2,0.21255,0.078238,0.018842,0.08065501,0,0,0
S000564,0.07632404,0.17841632,0.10209227,1,0.134433,0.139376,0.103946,0.09160548,0,0,0
S000565,0.51770928,0.54460849,0.02689921,1,0.224368,0.188576,0.021388,0.07908623,1,1,0
S000566,0.41989527,0.5128756,0.09298033,1,0.193225,0.065436,0.013171,0.08686113,1,0,0
S000567,0.0198166,0.07666556,0.05684897,0,0.503396,0.05195,0.040542,0.01500283,0,1,0
S000568,0.2213512,0.2537914,0.0324402,1,0.249906,0.130204,0.068082,0.14459505,0,0,1
S000569,0.33099283,0.48486506,0.15387223,1,0.47107,0.206125,0.093746,0.01482516,1,1,0
S000570,0.04859778,0.15351969,0.10492192,0,0.150187,0.129657,0.043676,0.08359318,0,0,0
S000571,0.2776339,0.4224549,0.144821,1,0.531137,0.209308,0.013996,0.04186653,1,1,0
S000572,0.14577236,0.21592299,0.07015062,1,0.429425,0.00992,0.041336,0.06668514,0,1,0
S000573,0.14231184,0.25690298,0.11459113,1,0.354003,0.033155,0.071087,0.06851678,0,1,0
S000574,0.02236557,0.06918519,0.04681962,2,0.268884,0.15563,0.048238,0.04442053,0,1,0
S000575,0.46953398,0.49690963,0.02737565,1,0.337943,0.133454,0.081656,0.09300558,1,0,0
S000576,0.26443174,0.37220438,0.10777264,2,0.10797,0.060934,0.061745,0.20338373,0,0,1
S000577,0.18481387,0.23051157,0.04569769,1,0.559273,0.188758,0.105009,0.19136432,0,1,1
S000578,0.02080813,0.14513746,0.12432933,1,0.149577,0.107998,0.050401,0.08066539,0,0,0
S000579,0.12951498,0.28043736,0.15092238,1,0.158505,0.20859,0.089017,0.09165245,0,1,0
S000580,0.3452957,0.36113891,0.01584321,2,0.259597,0.079873,0.053411,0.05544508,0,0,0
S000581,0.15664426,0.23283501,0.07619075,1,0.10998,0.016821,0.040924,0.08845329,0,0,0
S000582,0.24513449,0.30771994,0.06258545,1,0.10022,0.047972,0.085266,0.05414741,1,0,0
S000583,0.40815457,0.44255769,0.03440312,1,0.131607,0.040382,0.051497,0.02785627,1,0,0
S000584,0.39261818,0.51038208,0.1177639,1,0.161396,0.134501,0.026166,0.04606504,1,0,0
S000585,0.03025351,0.12572848,0.09547497,1,0.639654,0.073103,0.011575,0.08791877,0,1,0
S000586,0.43249764,0.51121415,0.07871651,1,0.439818,0.199283,0.101486,0.09133255,1,1,0
S000587,0.36118885,0.40858182,0.04739297,1,0.229399,0.100406,0.116512,0.05740981,1,0,0
S000588,0.01459395,0.07447669,0.05988274,2,0.125846,0.044954,0.113505,0.07700931,0,0,0
S000589,0.18536232,0.20305642,0.0176941,1,0.315974,0.160109,0.016662,0.02858221,0,1,0
S000590,0.01011433,0.03444775,0.02433342,0,0.221007,0.133946,0.017985,0.07810274,0,0,0
S000591,0.10520153,0.1973536,0.09215206,1,0.187465,0.005084,0.098428,0.0069121,0,0,0
S000592,0.50915272,0.5201261,0.01097338,1,0.209069,0.090888,0.078246,0.05295852,1,0,0
S000593,0.41134413,0.50274377,0.09139964,1,0.258617,0.017661,0.112607,0.06199924,1,0,0
S000594,0.17941619,0.27172287,0.09230668,1,0.158522,0.034551,0.101539,0.26123154,0,0,1
S000595,0.17989507,0.26187633,0.08198126,1,0.403246,0.087535,0.027004,0.01462385,0,1,0
S000596,0.05832157,0.14740195,0.08908038,2,0.306348,0.133553,0.08029,0.02043112,0,0,0
S000597,0.38809683,0.52864821,0.14055138,2,0.197718,0.037305,0.090349,0.1030517,1,0,1
S000598,0.08195747,0.11682157,0.0348641,0,0.245642,0.034822,0.105942,0.03798347,0,0,0
S000599,0.05222759,0.16131848,0.10909089,0,0.220338,0.113562,0.095681,0.16055471,0,0,1
S000600,0.35600731,0.47012187,0.11411455,1,0.307255,0.213985,0.037275,0.20669774,1,1,1
